3107;Assemblée Générale 2014;
2962;Banques (réunions inter-banques);
2991;Bureau;
2911;Bureau (anciens membres);
2992;Bureau Restreint;
2854;Caves Coopératives CDR;
12;Caves Coopératives (Présidents);Présidents des Caves Coopératives (Ancien 422)
13;Caves Coopératives (Directeurs);Directeurs des Caves Coopératives (Ancien CELDI)
3141;Chambres d'Agriculture (présidents et directeurs);
3133;Codir;
2978;Collège Production;
2818;Com. Cahier des Charges/Contrôles;FG 25 NOV. 2008
15;Com. Caves Particulières;Commission Caves Particulières (Ancien COMCP)
2822;Com. Défense et Valorisation des Terroirs;FL 22.12.2008
21;Com. des Crus;Commissions Locales (Ancien COML1)
16;Com. Économique;Commission Economique (ancien COME1)
20;Com. Jeunes Vignerons;Commission Jeunes Vignerons
26;Com. Technique;Commission Technique (Ancien COMT1)
25;Com. Villages (sans nom géo.);Commission Villages sans nom (Ancien COMV3)
16;Com. Économique;Commission Economique (ancien COME1)
20;Com. Jeunes Vignerons;Commission Jeunes Vignerons
26;Com. Technique;Commission Technique (Ancien COMT1)
25;Com. Villages (sans nom géo.);Commission Villages sans nom (Ancien COMV3)
24;Com. Villages avec Nom Géo.;Commission Villages avec Nom (Ancien COMV1)
3110;Conseil d'Administration 2014;
24;Com. Villages avec Nom Géo.;Commission Villages avec Nom (Ancien COMV1)
2794;Conseils Départementaux Présidents et Directeurs;FL 5 sept 2008
2643;Élus (Députés et Attachés Aire CDR);
2803;Conseils Régionaux Présidents et Directeurs;FG (octobre 2008)
2638;Crus des CDR (Présidents et Administratifs);Les Présidents des Crus
2861;Dégustateurs 2014 (formés);
3076;Élus (députés européens);
2641;Élus (Sénateurs et Attachés Aire CDR);
28;Élus (Maires Aire CDR);Maires des Côtes du Rhône (Ancien MAIRE)
2620;Fabienne (outil);
3117;Fédérations de Métiers (Coop et VIF) ;
2984;Inter-Rhône Délégation à l'AG;
2985;Inter-Rhône Délégation au CA;
3118;Inter-Rhône Sect° Côtes du Rhône;
2776;Inter-Rhône Sect° Promotion;FL Création le 29 mai 2008
2877;Inter-Rhône Sect° Technique;FL Création le 29 mai 2008
1;Laboratoires;Laboratoires pour l'agrément des vins
3098;Mairies aire Côtes du Rhône (171);
2876;Inter-Rhône Sect° Economique;FL - Création 29 mai 2008
3119;O.I.V.R. Délégation A.G.;
3120;O.I.V.R. Délégation Conseil;
30;Personnel du SGV;les employés du Syndicat
3068;Section Eaux de Vie des Côtes du Rhône;
3061;Service Assurance Crédit;
2699;Service Commercialisation;FG 20 octobre 2008
11;Syndicats Locaux (Présidents);Présidents des Syndicats Locaux (Ancien 421)
3006;Préfets et Préfectures Aire CDR;
3134;Service Paie;
2639;Villages avec Nom Géo Présidents et administratifs;Présidents des AOC villages avec nom
3149;Vins Bio (Groupe restreint);
3183;Assemblée Générale 2017;
3184;Conseil d'Administration 2017;
